query I
select nullif(2,2);
----


query I
select nullif(1,2);
----
1

statement ok
create table t3 (v1 int, v2 int, v3 int);

statement ok
insert into t3 values (1) (2) (3);

query I
select nullif(t3.v1,1) from t3;
----

2
3

statement ok
drop table t3;